"Batch","ExpiryDate"
"025J20-2A",2021-02-25
"057G20A",2021-02-28
"062G20A",2021-03-06
"032H20A",2021-04-13
"032L20A",2021-04-18
"028A21A",2021-04-28
"016M20A",2021-05-02
"011J20A",2021-05-11
"029A21A",2021-05-22
"025J20A",2021-05-25
"029K20A",2021-06-09
"029K20-2A",2021-06-11
"039K20A",2021-06-20
"039K20-2A",2021-06-20
"037K20A",2021-06-22
"025L20A",2021-06-25
"038K20A",2021-06-26
"026L20A",2021-06-28
"027L20A",2021-06-30
"041L20A",2021-07-03
"011L20A",2021-07-03
"042L20A",2021-07-05
"012L20A",2021-07-06
"043L20A",2021-07-07
"013L20A",2021-07-08
"028L20A",2021-07-09
"004M20A",2021-07-10
"006M20A",2021-07-12
"029L20A",2021-07-13
"007M20A",2021-07-14
"030L20A",2021-07-16
"011M20A",2021-07-16
"010M20A",2021-07-19
"012M20A",2021-07-20
"031L20A",2021-07-22
"015M20A",2021-07-29
"013M20A",2021-07-31
"030M20A",2021-08-01
"024M20A",2021-08-03
"031M20A",2021-08-05
"022M20A",2021-08-08
"001A21A",2021-08-09
"023M20A",2021-08-10
"002A21A",2021-08-11
"014M20A",2021-08-12
"010A21A",2021-08-14
"003A21A",2021-08-14
"011A21A",2021-08-16
"012A21A",2021-08-17
"030A21A",2021-08-19
"013A21A",2021-08-20
"027A21A",2021-08-22
"040A21A",2021-08-24
"025A21A",2021-08-24
"036A21A",2021-08-26
"026A21A",2021-08-26
"032M20A",2021-08-27
"031A21A",2021-08-28
"045A21A",2021-08-29
"037A21B",2021-08-31
"044A21A",2021-08-31
"047A21A",2021-09-01
"038A21A",2021-09-02
"046A21A",2021-09-03
"039A21A",2021-09-04
"048A21A",2021-09-05
"001B21A",2021-09-06
"006B21A",2021-09-06
"002B21A",2021-09-07
"007B21A",2021-09-08
"003B21A",2021-09-09
"008B21-2A",2021-09-10
"008B21A",2021-09-10
"016B21A",2021-09-13
"017B21A",2021-09-14
"018B21A",2021-09-16
"026B21A",2021-09-17
"027B21A",2021-09-18
"025B21A",2021-09-19
"030B21A",2021-09-20
"019B21A",2021-09-21
"031B21A",2021-09-22
"020B21A",2021-09-23
"032B21A",2021-09-24
"038B21A",2021-09-25
"021B21A",2021-09-26
"021B21A-1",2021-09-26
"036B21A",2021-09-28
"037B21A",2021-10-01
"039B21A",2021-10-02
"040B21A",2021-10-02
"043B21A",2021-10-03
"041B21A",2021-10-04
"042B21A",2021-10-05
"042B21-2A",2021-10-05
"044B21A",2021-10-06
"046B21A",2021-10-06
"045B21A",2021-10-08
"047B21A",2021-10-09
"048B21A",2021-10-09
"007C21A",2021-10-12
"001C21A",2021-10-12
"008C21A",2021-10-13
"009C21A",2021-10-15
